id,task,level,EF_w,FR_w,ME_w,PE_w,TI_w,PH_w,OW_w
jKBHzXx0Pg,MR,easy,17.333333333333332,8,23.333333333333332,2,3,0,53.666666666666664
jKBHzXx0Pg,MR,medium,16,13,19.666666666666664,2.2666666666666666,3,0,53.93333333333333
jKBHzXx0Pg,MR,hard,20.53333333333333,14,25,3.6,4,0,67.13333333333333
jKBHzXx0Pg,MS,easy,14.666666666666666,5.333333333333333,11,0.3333333333333333,15,0,46.333333333333336
jKBHzXx0Pg,MS,medium,21.333333333333332,10,15,0.6666666666666666,26.666666666666664,0,73.66666666666666
jKBHzXx0Pg,MS,hard,24,12,18,1.6666666666666667,28.333333333333332,0,84
jKBHzXx0Pg,ST,easy,12,3.6666666666666665,7.333333333333333,1.3333333333333333,20,0,44.33333333333333
jKBHzXx0Pg,ST,hard,15,4.133333333333333,10,4,26.666666666666664,0,59.8
jKBHzXx0Pg,ST,medium,13,2.3333333333333335,8,1.8666666666666667,22.333333333333332,0,47.53333333333333
TqUBvW8Aaz,MR,medium,16,24.266666666666666,30,4.666666666666667,1.0666666666666667,0,76
TqUBvW8Aaz,MR,hard,16,21.6,30,6.533333333333333,1.7333333333333334,0,75.86666666666667
TqUBvW8Aaz,MR,easy,10,14.4,7,4.533333333333333,0.9333333333333333,0,36.86666666666667
TqUBvW8Aaz,MS,easy,5,2.6666666666666665,9.066666666666666,0.4,5,0,22.133333333333336
TqUBvW8Aaz,MS,medium,19,13.066666666666666,25.066666666666666,0.4,26.666666666666664,0,84.19999999999999
TqUBvW8Aaz,MS,hard,20,13.333333333333334,26.666666666666668,3.3333333333333335,33,0,96.33333333333333
TqUBvW8Aaz,ST,hard,9.333333333333334,15.8,4.333333333333333,10,33,1.6666666666666667,74.13333333333334
TqUBvW8Aaz,ST,easy,2.8,6,1.6666666666666667,1.2000000000000002,11.666666666666666,1.0666666666666667,24.4
TqUBvW8Aaz,ST,medium,11.2,18,5.333333333333333,10,33,2.4,79.93333333333334
WAh9qhgg6o,MR,medium,3.3333333333333335,3,10.666666666666666,3,0,0.6666666666666666,20.666666666666664
WAh9qhgg6o,MR,easy,2.6666666666666665,4,8,5,1.3333333333333333,1.3333333333333333,22.333333333333336
WAh9qhgg6o,MR,hard,2,1,4,4,1.3333333333333333,1.3333333333333333,13.666666666666666
WAh9qhgg6o,MS,easy,12,0,15,0.6666666666666666,15,5,47.666666666666664
WAh9qhgg6o,MS,medium,16,0,16,3,30,8,73
WAh9qhgg6o,MS,hard,15,0,14,4,28.333333333333332,7,68.33333333333333
WAh9qhgg6o,ST,easy,0.6666666666666666,1.3333333333333333,4,0,5,0,11
WAh9qhgg6o,ST,medium,1.8666666666666667,4.4,10.133333333333333,6.6000000000000005,31.333333333333332,0,54.333333333333336
WAh9qhgg6o,ST,hard,1.5333333333333332,6.666666666666667,23.733333333333334,7.800000000000001,33.33333333333333,0,73.06666666666666
6xDo1DDaCf,MR,easy,13.333333333333334,3.3333333333333335,16,0.3333333333333333,6.666666666666667,0,39.66666666666667
6xDo1DDaCf,MR,medium,13.333333333333334,3.3333333333333335,12,0,3.3333333333333335,0,32
6xDo1DDaCf,MR,hard,20,4,13,1.6666666666666665,2,0,40.66666666666667
6xDo1DDaCf,MS,hard,8,5.266666666666667,24,1.6666666666666665,14,0,52.93333333333333
6xDo1DDaCf,MS,easy,3.3333333333333335,1.6666666666666667,9.333333333333334,0,2,0,16.333333333333336
6xDo1DDaCf,MS,medium,10.666666666666666,4.666666666666667,19.733333333333334,0,10,0,45.06666666666666
6xDo1DDaCf,ST,medium,20,10,13,0,2,0,45
6xDo1DDaCf,ST,easy,14.666666666666666,6.666666666666667,11,0,1.3333333333333333,0,33.666666666666664
6xDo1DDaCf,ST,hard,24,11.2,18.8,0,2,0,56
9ZffIZqFHz,MR,easy,15,9.333333333333334,25,7.800000000000001,3.3333333333333335,0,60.46666666666667
9ZffIZqFHz,MR,medium,12.200000000000001,5.2,14.666666666666666,5,6,0,43.06666666666667
9ZffIZqFHz,MR,hard,11,2.6666666666666665,16.666666666666664,6,2,0,38.33333333333333
9ZffIZqFHz,MS,medium,8.533333333333333,1,26.666666666666664,0.06666666666666667,17.6,0,53.86666666666667
9ZffIZqFHz,MS,hard,13.333333333333334,18,33,4.333333333333333,25.333333333333332,0,94
9ZffIZqFHz,MS,easy,2.8,0.2,5,0.06666666666666667,2.933333333333333,0,11
9ZffIZqFHz,ST,easy,4,1.6,9.466666666666667,3,28.333333333333332,0,46.4
9ZffIZqFHz,ST,medium,5,18.666666666666668,11.866666666666667,9.200000000000001,33,0,77.73333333333333
9ZffIZqFHz,ST,hard,4.8,25.066666666666666,9.2,13,33,0,85.06666666666666
wiRZfBYOru,MR,hard,18.133333333333333,15.4,9.2,8.133333333333333,0,18.666666666666668,69.53333333333333
wiRZfBYOru,MR,medium,18.4,13.8,9.066666666666666,4.133333333333333,0,18.933333333333334,64.33333333333333
wiRZfBYOru,MR,easy,17.066666666666666,11.4,10.666666666666666,2.2666666666666666,0,18.133333333333333,59.533333333333324
wiRZfBYOru,MS,easy,1.3333333333333333,0.9333333333333333,2,0.13333333333333333,0.7333333333333333,1.8,6.933333333333334
wiRZfBYOru,MS,hard,26.133333333333333,12.533333333333333,19,2.2666666666666666,6.066666666666666,15.8,81.79999999999998
wiRZfBYOru,MS,medium,22.933333333333334,11.066666666666666,17.2,0.9333333333333333,5.666666666666667,17,74.8
wiRZfBYOru,ST,medium,19.466666666666665,13.8,15,1.4,0,18.666666666666668,68.33333333333333
wiRZfBYOru,ST,easy,13.066666666666666,10.200000000000001,10,0.4,0,13.333333333333334,47
wiRZfBYOru,ST,hard,23.2,17.8,15.8,0.8,0,15.466666666666667,73.06666666666666
cCWrG11sgp,MR,easy,20,1.9333333333333333,7.733333333333333,0,16.666666666666664,2.8000000000000003,49.133333333333326
cCWrG11sgp,MR,medium,20,2.6666666666666665,10,0,23.333333333333332,15.200000000000001,71.2
cCWrG11sgp,MR,hard,26.666666666666668,5.866666666666666,12,0,28,7.800000000000001,80.33333333333333
cCWrG11sgp,MS,hard,26.666666666666668,7.333333333333333,17,0,33,2.4,86.39999999999999
cCWrG11sgp,MS,medium,26.666666666666668,8,17.8,0,33.33333333333333,3,88.8
cCWrG11sgp,MS,easy,22.666666666666668,10.266666666666666,15,0,31.333333333333332,2.3333333333333335,81.6
cCWrG11sgp,ST,hard,18,5.333333333333333,22.666666666666668,4.333333333333333,26.333333333333332,0,76.66666666666667
cCWrG11sgp,ST,easy,20,7.333333333333333,17.333333333333332,3.3333333333333335,33.33333333333333,0,81.33333333333333
cCWrG11sgp,ST,medium,20,10.266666666666666,21.866666666666667,3,32.666666666666664,0,87.8
gI6hCgCchT,MR,medium,9.333333333333334,3.3333333333333335,23.333333333333332,3,1.6,0,40.6
gI6hCgCchT,MR,easy,2,0.7333333333333333,6.666666666666666,0.2,0.26666666666666666,0,9.866666666666665
gI6hCgCchT,MR,hard,8.133333333333333,5,21.333333333333332,10,5.333333333333333,0,49.8
gI6hCgCchT,MS,easy,5,0.3333333333333333,16,0.6666666666666666,6.666666666666667,0,28.666666666666668
gI6hCgCchT,MS,medium,19,31,26.133333333333333,3.3333333333333335,12,0,91.46666666666667
gI6hCgCchT,MS,hard,19.8,33,26.666666666666668,6.6,13.2,0,99.26666666666667
gI6hCgCchT,ST,medium,13,17.333333333333332,21.333333333333332,1.3333333333333333,12.666666666666666,0,65.66666666666667
gI6hCgCchT,ST,easy,4,2.933333333333333,6,0.3333333333333333,2.533333333333333,0,15.8
gI6hCgCchT,ST,hard,19.8,26.666666666666668,32.666666666666664,2.6666666666666665,12.933333333333334,0,94.73333333333333
kGWL9y5AS9,MR,medium,3,6.666666666666666,25.333333333333332,5,0,0.8,40.8
kGWL9y5AS9,MR,hard,20,17,26.666666666666668,5,0,1.2,69.86666666666667
kGWL9y5AS9,MR,easy,19.8,17,26.4,5.333333333333333,0,6.533333333333333,75.06666666666666
kGWL9y5AS9,MS,easy,1,0,0,0,0,0.26666666666666666,1.2666666666666666
kGWL9y5AS9,MS,hard,19.8,0,23.333333333333332,0.8,3.3333333333333335,10.666666666666666,57.93333333333334
kGWL9y5AS9,MS,medium,19,0,31.666666666666664,0.8,3.3333333333333335,12.666666666666666,67.46666666666667
kGWL9y5AS9,ST,hard,31.666666666666664,0,19,1.8,11.466666666666667,0,63.93333333333333
kGWL9y5AS9,ST,medium,6.666666666666666,0,18,0.6000000000000001,6.666666666666667,2,33.93333333333334
kGWL9y5AS9,ST,easy,30,0,14,0.4,6.666666666666667,6.533333333333333,57.599999999999994
ntoLpzjCrW,MR,medium,0.6666666666666666,3.333333333333333,5,1,2.4,0,12.399999999999999
ntoLpzjCrW,MR,hard,6.8,21.666666666666664,7,2.4,16,0,53.86666666666666
ntoLpzjCrW,MR,easy,4.666666666666667,26.666666666666664,7,2.6,19.733333333333334,0,60.666666666666664
ntoLpzjCrW,MS,medium,3.933333333333333,6.666666666666667,13.333333333333334,13.333333333333334,13.333333333333334,0,50.599999999999994
ntoLpzjCrW,MS,hard,4.333333333333333,9.333333333333334,18.666666666666668,10.666666666666666,20,0,63.00000000000001
ntoLpzjCrW,MS,easy,2.4,8.666666666666666,4,4,16,0,35.06666666666666
ntoLpzjCrW,ST,hard,3.3333333333333335,9,15,6.2,6,0,39.53333333333333
ntoLpzjCrW,ST,medium,4,12,15,4,10,0,45
ntoLpzjCrW,ST,easy,3.2666666666666666,14,15,4,14,0,50.266666666666666
12zOSfawTO,MR,hard,1.4666666666666666,0.6666666666666666,2.6666666666666665,6.666666666666666,1.3333333333333333,0.6666666666666666,13.466666666666665
12zOSfawTO,MR,easy,0.6666666666666666,0.3333333333333333,2.6666666666666665,10,1.3333333333333333,0.3333333333333333,15.333333333333332
12zOSfawTO,MR,medium,2.6666666666666665,1.6666666666666667,6.4,5,3.466666666666667,1.6666666666666667,20.866666666666667
12zOSfawTO,MS,medium,3.2,4,2.6666666666666665,0.7333333333333333,3.7333333333333334,1.3333333333333333,15.666666666666668
12zOSfawTO,MS,easy,10,13.333333333333334,6.666666666666667,3.3333333333333335,13.333333333333334,3.3333333333333335,50.00000000000001
12zOSfawTO,MS,hard,16,21.333333333333332,10.666666666666666,1.3333333333333333,21.333333333333332,5.333333333333333,76
12zOSfawTO,ST,hard,10.666666666666666,26.666666666666664,10.666666666666666,2.6666666666666665,16,5.333333333333333,72
12zOSfawTO,ST,easy,11.333333333333334,28.333333333333332,11.2,2,17,5.666666666666667,75.53333333333333
12zOSfawTO,ST,medium,11.333333333333334,28.333333333333332,11.333333333333334,2,17,5.666666666666667,75.66666666666667
DVCsNitb7p,MR,hard,23.733333333333334,9.066666666666666,18,4.866666666666666,30.666666666666664,0,86.33333333333333
DVCsNitb7p,MR,medium,22.133333333333333,9.466666666666667,17.2,4.733333333333333,29.333333333333332,0,82.86666666666667
DVCsNitb7p,MR,easy,17.066666666666666,9.333333333333334,17.6,4.933333333333334,24.666666666666664,0,73.6
DVCsNitb7p,MS,easy,11.2,15.4,27.333333333333332,4,22.666666666666668,0,80.60000000000001
DVCsNitb7p,MS,medium,12.266666666666666,17.6,30.333333333333332,4.933333333333334,25.333333333333332,0,90.46666666666667
DVCsNitb7p,MS,hard,10.933333333333334,17,27.333333333333332,3.2,24,0,82.46666666666667
DVCsNitb7p,ST,hard,17.066666666666666,9.333333333333334,21.333333333333332,4.533333333333333,21.866666666666667,0,74.13333333333333
DVCsNitb7p,ST,medium,22.133333333333333,11.066666666666666,20.53333333333333,4.266666666666667,22.133333333333333,0,80.13333333333333
DVCsNitb7p,ST,easy,17.866666666666667,9.6,24,3.3333333333333335,20.8,0,75.6
sPXXgeOo7t,MR,medium,15,8,21.666666666666664,3.3333333333333335,2,0,50
sPXXgeOo7t,MR,easy,14,5.333333333333333,20,4.666666666666667,2,0,46.00000000000001
sPXXgeOo7t,MR,hard,14,13.333333333333334,25,4,2.3333333333333335,0,58.666666666666664
sPXXgeOo7t,MS,medium,20,20,33.33333333333333,0,14,4.666666666666667,92
sPXXgeOo7t,MS,easy,12,2,23.333333333333332,0,10,3.6666666666666665,51
sPXXgeOo7t,MS,hard,20,20,33.33333333333333,0,20,5.666666666666667,99
sPXXgeOo7t,ST,hard,13.2,13.333333333333334,20,9,2.6666666666666665,6.4,64.6
sPXXgeOo7t,ST,easy,8,2.6666666666666665,13,0,2.3333333333333335,9.333333333333334,35.333333333333336
sPXXgeOo7t,ST,medium,10,9.333333333333334,16,5,5.333333333333333,10.4,56.06666666666667
ujNKR4re1M,MR,medium,20,6.666666666666667,20,11.666666666666666,0,0,58.33333333333333
ujNKR4re1M,MR,hard,15,9.333333333333334,22.666666666666668,16.666666666666664,0.06666666666666667,0,63.733333333333334
ujNKR4re1M,MR,easy,2,2.533333333333333,5.333333333333333,8.333333333333332,0,0,18.199999999999996
ujNKR4re1M,MS,easy,0,18.333333333333332,0,0,0,0,18.333333333333332
ujNKR4re1M,MS,hard,19.8,25,0,12.200000000000001,8,0,65
ujNKR4re1M,MS,medium,18,28.333333333333332,0,4,6,0,56.33333333333333
ujNKR4re1M,ST,easy,6,2.3333333333333335,0,0,5,0,13.333333333333334
ujNKR4re1M,ST,hard,0,6.333333333333333,20,20,33.33333333333333,0,79.66666666666666
ujNKR4re1M,ST,medium,14.200000000000001,3,14,5,23,0,59.2
8EBFmIUfAy,MR,hard,6.666666666666667,13.333333333333332,7,17.333333333333332,2.6666666666666665,0,47
8EBFmIUfAy,MR,medium,6.533333333333333,8.333333333333332,11,13.333333333333334,1.6666666666666667,0,40.86666666666666
8EBFmIUfAy,MR,easy,4.666666666666667,5,6.800000000000001,17.333333333333332,2.933333333333333,0,36.733333333333334
8EBFmIUfAy,MS,medium,21.333333333333332,14.666666666666666,4.333333333333333,5,10.666666666666666,11,67
8EBFmIUfAy,MS,hard,20,20,5.333333333333333,1.6666666666666667,10,16,73
8EBFmIUfAy,MS,easy,8,6.666666666666667,1.7333333333333334,1.6666666666666667,3.3333333333333335,5,26.400000000000002
8EBFmIUfAy,ST,hard,26.666666666666664,4.666666666666667,4.333333333333333,14,20,0,69.66666666666667
8EBFmIUfAy,ST,medium,26.666666666666664,6,4.666666666666667,12,16,0,65.33333333333334
8EBFmIUfAy,ST,easy,18,2.6666666666666665,2.6666666666666665,5,8.266666666666666,0,36.599999999999994
aqEAPJJI8e,MR,easy,9.066666666666666,11,14.4,6,6.266666666666667,9.2,55.93333333333334
aqEAPJJI8e,MR,hard,8.933333333333334,11.600000000000001,14.666666666666666,5.466666666666667,9.066666666666666,6.533333333333333,56.26666666666667
aqEAPJJI8e,MR,medium,6.533333333333333,12.200000000000001,17.066666666666666,5.6,8.666666666666666,7.066666666666666,57.13333333333333
aqEAPJJI8e,MS,easy,3.7333333333333334,13.066666666666666,11.8,6.4,6.4,11.4,52.8
aqEAPJJI8e,MS,medium,4.4,17.066666666666666,10.8,6.533333333333333,8.666666666666666,9.200000000000001,56.66666666666666
aqEAPJJI8e,MS,hard,4.333333333333333,19.466666666666665,10.200000000000001,5.466666666666667,8.266666666666666,12.8,60.53333333333333
aqEAPJJI8e,ST,hard,3.3333333333333335,12.4,0,9.200000000000001,12.266666666666666,14.4,51.6
aqEAPJJI8e,ST,easy,3.533333333333333,13.200000000000001,0,6.800000000000001,13.066666666666666,10.133333333333333,46.733333333333334
aqEAPJJI8e,ST,medium,4.266666666666667,8.8,0,10,14.933333333333334,12.533333333333333,50.53333333333333
rh40WUcVcA,MR,hard,8,0.5333333333333333,14.666666666666666,18.666666666666668,2.6,0,44.46666666666667
rh40WUcVcA,MR,easy,9.866666666666667,4.266666666666667,13.333333333333334,18.4,3.3333333333333335,0,49.199999999999996
rh40WUcVcA,MR,medium,9.6,3.3333333333333335,12.8,13.333333333333334,0,0,39.06666666666667
rh40WUcVcA,MS,easy,14.666666666666666,2.6666666666666665,23.333333333333332,0,1,8.666666666666666,50.33333333333333
rh40WUcVcA,MS,medium,25.066666666666666,5.4,33,0,20,13.333333333333334,96.80000000000001
rh40WUcVcA,MS,hard,26.666666666666668,6.666666666666667,33.33333333333333,0,20,13.333333333333334,100
rh40WUcVcA,ST,hard,18.2,10.666666666666666,25.866666666666667,0,33,3.6666666666666665,91.4
rh40WUcVcA,ST,easy,13,4.933333333333334,16,0,22,3.3333333333333335,59.266666666666666
rh40WUcVcA,ST,medium,18,6.666666666666667,21.866666666666667,0,29.666666666666664,5.066666666666666,81.26666666666667
ky7vtw0gdz,MR,hard,9.466666666666667,3.3333333333333335,24.333333333333332,5,7.466666666666667,0,49.6
ky7vtw0gdz,MR,medium,11.733333333333333,4.533333333333333,26.333333333333332,13.200000000000001,1.8666666666666667,0,57.666666666666664
ky7vtw0gdz,MR,easy,12.8,3.8666666666666667,33,0,26.666666666666668,0,76.33333333333333
ky7vtw0gdz,MS,easy,8.666666666666666,0,13.333333333333334,1.4000000000000001,17.333333333333332,4.266666666666667,45
ky7vtw0gdz,MS,hard,13.333333333333334,0,26.4,16.6,26.4,13.066666666666666,95.8
ky7vtw0gdz,MS,medium,10.133333333333333,0,21.6,9.200000000000001,21.066666666666666,4,66
ky7vtw0gdz,ST,medium,16.6,4.266666666666667,26.133333333333333,10,26.666666666666668,0,83.66666666666667
ky7vtw0gdz,ST,easy,12.8,1.2666666666666666,20.53333333333333,4.2,17.6,0,56.400000000000006
ky7vtw0gdz,ST,hard,20,6.666666666666667,26.666666666666668,13.600000000000001,26.666666666666668,0,93.60000000000001
zvDM8Go5Bd,MR,medium,13,18.666666666666668,26.666666666666664,6.666666666666667,0,0.06666666666666667,65.06666666666666
zvDM8Go5Bd,MR,easy,12.8,5.6,25,6.8,0,0.13333333333333333,50.333333333333336
zvDM8Go5Bd,MR,hard,9,6.4,20,6.666666666666667,0,0.2,42.266666666666666
zvDM8Go5Bd,MS,medium,4.666666666666667,8,21.333333333333332,6,16.666666666666664,0,56.666666666666664
zvDM8Go5Bd,MS,easy,4,0.13333333333333333,8,0,21.666666666666664,0,33.8
zvDM8Go5Bd,MS,hard,6.6,13.333333333333334,26.666666666666668,19,33,0,98.6
zvDM8Go5Bd,ST,easy,8,0,0,0.2,23.666666666666664,0,31.866666666666664
zvDM8Go5Bd,ST,hard,10.8,13.2,16,16,33.33333333333333,0,89.33333333333333
zvDM8Go5Bd,ST,medium,11.333333333333334,11.333333333333334,16,10,33.33333333333333,0,81.99999999999999
7SltMY2Jba,MR,medium,8.8,4.800000000000001,19,4.2,5.2,0,42
7SltMY2Jba,MR,easy,8,9.200000000000001,10.333333333333332,6.2,4.4,0,38.13333333333333
7SltMY2Jba,MR,hard,8.8,10.200000000000001,27.333333333333332,7.4,5.2,0,58.93333333333334
7SltMY2Jba,MS,medium,4.6,24.333333333333332,17.400000000000002,5.6,6,0,57.93333333333334
7SltMY2Jba,MS,easy,1.3333333333333333,9,3.8000000000000003,1.3333333333333333,3.0666666666666664,0,18.533333333333335
7SltMY2Jba,MS,hard,4.933333333333334,22,16.6,14.666666666666666,5.466666666666667,0,63.66666666666667
7SltMY2Jba,ST,hard,10,28.333333333333332,10.666666666666666,15.8,5.6,0,70.39999999999999
7SltMY2Jba,ST,medium,12.4,20.666666666666664,10,6.6000000000000005,7.2,0,56.86666666666667
7SltMY2Jba,ST,easy,9.600000000000001,10.666666666666666,7.466666666666667,1.8,4.533333333333333,0,34.06666666666667
PbOEQpRS9f,MR,easy,0.6666666666666666,6,4.4,0.26666666666666666,0,0,11.333333333333334
PbOEQpRS9f,MR,hard,0.2,2.6666666666666665,0.6666666666666666,7.733333333333333,0.2,0.4,11.866666666666665
PbOEQpRS9f,MR,medium,0,0,0.26666666666666666,8,0,0,8.266666666666667
PbOEQpRS9f,MS,medium,2,2.6666666666666665,1.6666666666666667,0,0,0,6.333333333333334
PbOEQpRS9f,MS,hard,9.466666666666667,26.666666666666668,4,17.6,26.666666666666668,0,84.4
PbOEQpRS9f,MS,easy,0.6666666666666666,2.1333333333333333,0,1.0666666666666667,0,0,3.8666666666666667
PbOEQpRS9f,ST,hard,6.2,4.2,14.933333333333334,4.066666666666666,20,0,49.400000000000006
PbOEQpRS9f,ST,easy,0,0,0,0,0,0,0
PbOEQpRS9f,ST,medium,13,6.666666666666667,3.7333333333333334,3.2666666666666666,16,1.8,44.46666666666666
yTPpr0532t,MR,medium,14.666666666666666,6.666666666666667,13,13.6,0,6.666666666666667,54.599999999999994
yTPpr0532t,MR,easy,16,6.666666666666667,12.200000000000001,8,0,6.933333333333334,49.8
yTPpr0532t,MR,hard,17.866666666666667,6.8,14.200000000000001,9.866666666666667,0,9.333333333333334,58.06666666666667
yTPpr0532t,MS,medium,14,6.8,23.2,0,20,8,72
yTPpr0532t,MS,hard,18,7.466666666666667,25.333333333333332,0,24.8,10.133333333333333,85.73333333333333
yTPpr0532t,MS,easy,13,7.866666666666666,20.266666666666666,0,18.933333333333334,9.333333333333334,69.39999999999999
yTPpr0532t,ST,medium,14.666666666666666,3.3333333333333335,23.333333333333332,5.466666666666667,13.200000000000001,0,60
yTPpr0532t,ST,hard,20,3.6666666666666665,26.333333333333332,6.666666666666667,16,0,72.66666666666667
yTPpr0532t,ST,easy,18.133333333333333,3.6666666666666665,23.333333333333332,4.933333333333334,12.8,0,62.86666666666666
YlvUbMLU90,MR,easy,5.333333333333333,2,11,10,0,2,30.333333333333332
YlvUbMLU90,MR,hard,18.666666666666668,1.3333333333333333,4,20,0,0.6666666666666666,44.66666666666667
YlvUbMLU90,MR,medium,14.666666666666666,1.3333333333333333,4,20,0,1.3333333333333333,41.333333333333336
YlvUbMLU90,MS,easy,10,20,7,0.6666666666666666,22.4,0,60.06666666666666
YlvUbMLU90,MS,hard,13.333333333333334,33.33333333333333,20,4.666666666666667,26.4,0,97.73333333333332
YlvUbMLU90,MS,medium,12.666666666666666,31.666666666666664,18,2,26.666666666666668,0,91
YlvUbMLU90,ST,hard,12.666666666666666,31.666666666666664,19,5.666666666666667,26.4,0,95.39999999999999
YlvUbMLU90,ST,easy,9.333333333333334,21.333333333333332,7,2,16,0,55.66666666666667
YlvUbMLU90,ST,medium,13.2,33.33333333333333,18,5,26.4,0,95.93333333333332
WQyxRdU13t,MR,hard,12,19,13,6,0.6666666666666666,0,50.666666666666664
WQyxRdU13t,MR,easy,2,8.333333333333332,3.6,4,0.2,0,18.133333333333333
WQyxRdU13t,MR,medium,8,13.333333333333332,12,5,0,0,38.33333333333333
WQyxRdU13t,MS,hard,15,3.6666666666666665,18.666666666666668,11.333333333333334,30,0,78.66666666666667
WQyxRdU13t,MS,medium,13.4,4.133333333333333,17.866666666666667,10.933333333333334,29,0,75.33333333333334
WQyxRdU13t,MS,easy,12,3,14.666666666666666,1.3333333333333333,13.333333333333332,0,44.33333333333333
WQyxRdU13t,ST,easy,3.3333333333333335,13.333333333333334,2.3333333333333335,1.6,10,0,30.6
WQyxRdU13t,ST,hard,4.666666666666667,18.666666666666668,2,18.400000000000002,33.33333333333333,0,77.06666666666666
WQyxRdU13t,ST,medium,9.066666666666666,16,3.8,15.600000000000001,31.666666666666664,0,76.13333333333333
u8oFh0ZHHs,MR,medium,0.4,0,1.2000000000000002,9.333333333333334,0,1,11.933333333333335
u8oFh0ZHHs,MR,easy,0,0,4.2,9.866666666666667,0,0,14.066666666666666
u8oFh0ZHHs,MR,hard,0,0,0.6000000000000001,6.133333333333333,0,0,6.7333333333333325
u8oFh0ZHHs,MS,medium,2.1333333333333333,0.7333333333333333,8.266666666666666,0,11.666666666666666,1.6666666666666667,24.466666666666665
u8oFh0ZHHs,MS,hard,7.6,0.8666666666666667,15.466666666666667,3.7333333333333334,13.666666666666666,2,43.333333333333336
u8oFh0ZHHs,MS,easy,1.0666666666666667,0.9333333333333333,1.0666666666666667,4.4,7.666666666666666,0.4,15.533333333333333
u8oFh0ZHHs,ST,hard,0,1,7.866666666666666,7,15.4,0,31.266666666666666
u8oFh0ZHHs,ST,medium,0,1,4.4,7,4.2,0,16.6
u8oFh0ZHHs,ST,easy,0,0.6000000000000001,0.9333333333333333,5,1.6,0,8.133333333333333
lO4tI9SjJX,MR,medium,25.333333333333332,6,31.666666666666664,6,1,0,70
lO4tI9SjJX,MR,hard,25.333333333333332,5.333333333333333,32.33333333333333,8,0.3333333333333333,0,71.33333333333333
lO4tI9SjJX,MR,easy,20,1.3333333333333333,25.333333333333332,1.2000000000000002,0.3333333333333333,0,48.199999999999996
lO4tI9SjJX,MS,easy,16,7.2,10,0,10,0,43.2
lO4tI9SjJX,MS,medium,25.333333333333332,6,16.8,1,25,0,74.13333333333333
lO4tI9SjJX,MS,hard,25.333333333333332,7.333333333333333,18,2.6666666666666665,33,0,86.33333333333333
lO4tI9SjJX,ST,medium,20,16,9.466666666666667,1.3333333333333333,31.666666666666664,0,78.46666666666667
lO4tI9SjJX,ST,hard,19.400000000000002,18.666666666666668,8.666666666666666,3,33.33333333333333,0,83.06666666666666
lO4tI9SjJX,ST,easy,14.8,9.066666666666666,6,0.06666666666666667,18.333333333333332,0,48.266666666666666
5oMH7YJKDi,MR,hard,17.2,17,23.466666666666665,4.266666666666667,1.2666666666666666,0,63.199999999999996
5oMH7YJKDi,MR,easy,0,1,0,0,0,0,1
5oMH7YJKDi,MR,medium,20,15.8,20.266666666666666,5.066666666666666,0,0,61.133333333333326
5oMH7YJKDi,MS,medium,0,0.3333333333333333,0,0,0,0,0.3333333333333333
5oMH7YJKDi,MS,hard,8,2.466666666666667,1.8666666666666667,2,15.733333333333333,0,30.066666666666663
5oMH7YJKDi,MS,easy,0,4,0,0,0,0,4
5oMH7YJKDi,ST,hard,0,0,0.8,12,33.33333333333333,0,46.133333333333326
5oMH7YJKDi,ST,medium,4.933333333333334,3.2,8.533333333333333,3.466666666666667,16.666666666666664,0,36.8
5oMH7YJKDi,ST,easy,0.2,4.2,0.6666666666666666,0.8,0,0,5.866666666666667
wBsXFrRWgF,MR,easy,17.6,10.666666666666666,9.333333333333334,0,0,9.866666666666667,47.46666666666667
wBsXFrRWgF,MR,medium,26.133333333333333,16.333333333333332,12.933333333333334,0,10.933333333333334,12.933333333333334,79.26666666666667
wBsXFrRWgF,MR,hard,25.333333333333332,9,12.933333333333334,0,12.266666666666666,12.933333333333334,72.46666666666667
wBsXFrRWgF,MS,easy,6.666666666666667,4.666666666666667,3.3333333333333335,1.3333333333333333,6.666666666666667,5,27.666666666666668
wBsXFrRWgF,MS,medium,26.133333333333333,12.4,13.2,12.533333333333333,13.066666666666666,20,97.33333333333334
wBsXFrRWgF,MS,hard,26.4,12.533333333333333,13.066666666666666,13.2,12.666666666666666,19.400000000000002,97.26666666666665
wBsXFrRWgF,ST,medium,23.2,11.2,11.333333333333334,0,20,11.2,76.93333333333334
wBsXFrRWgF,ST,easy,16.266666666666666,13.066666666666666,6.266666666666667,0,14,5.466666666666667,55.06666666666666
wBsXFrRWgF,ST,hard,25.866666666666667,20,13.066666666666666,0,19.6,12.8,91.33333333333334
PkgTbVVI07,MR,hard,10.8,9.066666666666666,9.4,13.066666666666666,3,0,45.33333333333333
PkgTbVVI07,MR,medium,12.200000000000001,18.933333333333334,16.6,13.6,3.2666666666666666,0,64.60000000000001
PkgTbVVI07,MR,easy,16.8,22.4,18.6,18.4,1.5333333333333332,0,77.73333333333332
PkgTbVVI07,MS,hard,10.133333333333333,6,27,18.133333333333333,16.400000000000002,0,77.66666666666667
PkgTbVVI07,MS,medium,8.8,5.333333333333333,25.666666666666664,13.6,9.600000000000001,0,63.00000000000001
PkgTbVVI07,MS,easy,4.266666666666667,2.1333333333333333,15.333333333333332,2.6666666666666665,5.800000000000001,0,30.2
PkgTbVVI07,ST,easy,1.6666666666666667,1.8666666666666667,6.933333333333334,4.800000000000001,5.866666666666666,1.1333333333333333,22.26666666666667
PkgTbVVI07,ST,hard,4.666666666666667,9.333333333333334,18.133333333333333,11.8,24,5.533333333333333,73.46666666666667
PkgTbVVI07,ST,medium,2.3333333333333335,6.4,14.666666666666666,6.2,14.666666666666666,2.466666666666667,46.733333333333334
0wY7q7AFDw,MR,easy,12.200000000000001,11.2,16.666666666666664,1.4666666666666666,0,4.4,45.93333333333332
0wY7q7AFDw,MR,medium,15,20,29.666666666666664,4.333333333333333,0,6.533333333333333,75.53333333333333
0wY7q7AFDw,MR,hard,18,22.4,31,5,0,6.666666666666667,83.06666666666666
0wY7q7AFDw,MS,easy,10,13.333333333333334,21.666666666666664,0,6.666666666666667,2.3333333333333335,54
0wY7q7AFDw,MS,hard,17,22.133333333333333,33.33333333333333,0,11.466666666666667,4.333333333333333,88.26666666666665
0wY7q7AFDw,MS,medium,13,18.666666666666668,27,0,9.333333333333334,3.3333333333333335,71.33333333333333
0wY7q7AFDw,ST,easy,5.466666666666667,7.800000000000001,10.4,0,16.666666666666664,1.8666666666666667,42.2
0wY7q7AFDw,ST,hard,11.066666666666666,15.600000000000001,19.2,0,33.33333333333333,3.3333333333333335,82.53333333333333
0wY7q7AFDw,ST,medium,8,11.200000000000001,18.666666666666668,0,21.666666666666664,3.3333333333333335,62.86666666666667
woSzLv5BIV,MR,easy,26.666666666666668,26.4,19,6,3.533333333333333,6.333333333333333,87.93333333333334
woSzLv5BIV,MR,hard,26.4,26.4,20,4.266666666666667,5.6,6.666666666666667,89.33333333333333
woSzLv5BIV,MR,medium,26.4,26.4,19.8,4.266666666666667,5.866666666666666,6.6,89.33333333333333
woSzLv5BIV,MS,easy,16.8,10,15.733333333333333,0.5333333333333333,5.2,0,48.266666666666666
woSzLv5BIV,MS,medium,26.4,19.8,26.4,0.13333333333333333,13.2,0,85.93333333333332
woSzLv5BIV,MS,hard,26.666666666666668,19.6,26.4,5.466666666666667,11.066666666666666,0,89.20000000000002
woSzLv5BIV,ST,hard,13.333333333333334,13.333333333333334,6.666666666666667,14.666666666666666,20,20,88
woSzLv5BIV,ST,medium,13.333333333333334,12.666666666666666,6.666666666666667,10.666666666666666,20,20,83.33333333333334
woSzLv5BIV,ST,easy,11.333333333333334,5.866666666666666,5.333333333333333,0,17,18,57.53333333333333
O0ngZJhb9l,MR,hard,7,2,20.666666666666664,18.666666666666668,0,1.3333333333333333,49.666666666666664
O0ngZJhb9l,MR,easy,9,7.333333333333333,21.666666666666664,21.333333333333332,0,1,60.333333333333336
O0ngZJhb9l,MR,medium,8,9.866666666666667,20,24,0,1,62.86666666666667
O0ngZJhb9l,MS,easy,12.600000000000001,4.333333333333333,20.666666666666664,0,9.333333333333334,0,46.93333333333334
O0ngZJhb9l,MS,medium,20,6.666666666666667,33.33333333333333,10,26.666666666666668,0,96.66666666666667
O0ngZJhb9l,MS,hard,20,6.666666666666667,33.33333333333333,11.733333333333333,26.666666666666668,0,98.4
O0ngZJhb9l,ST,medium,18.666666666666668,4.333333333333333,9.866666666666667,15,33.33333333333333,0,81.19999999999999
O0ngZJhb9l,ST,hard,26.666666666666668,6.333333333333333,13.333333333333334,18.6,33.33333333333333,0,98.26666666666667
O0ngZJhb9l,ST,easy,22.666666666666668,1,12,5.2,21.666666666666664,0,62.53333333333333
ttxEdLIMGM,MR,easy,12,13,25,12,4.666666666666667,0,66.66666666666667
ttxEdLIMGM,MR,hard,20,19,33.33333333333333,13,6,0,91.33333333333333
ttxEdLIMGM,MR,medium,20,20,33.33333333333333,13.200000000000001,5,0,91.53333333333333
ttxEdLIMGM,MS,hard,20,19.8,25.333333333333332,4,26.666666666666668,0,95.8
ttxEdLIMGM,MS,medium,15,15,19.733333333333334,1.6666666666666667,18.666666666666668,0,70.06666666666666
ttxEdLIMGM,MS,easy,16,15,21.333333333333332,2,21.066666666666666,0,75.4
ttxEdLIMGM,ST,easy,6.666666666666667,6,10.4,0.6666666666666666,11.333333333333332,0,35.06666666666667
ttxEdLIMGM,ST,hard,13.2,19.8,26.4,3.3333333333333335,33.33333333333333,0,96.06666666666666
ttxEdLIMGM,ST,medium,12,17.8,24,3.7333333333333334,30,0,87.53333333333333
pevbr5tS1I,MR,easy,10,4.866666666666666,13.8,10.133333333333333,21.333333333333332,0,60.13333333333333
pevbr5tS1I,MR,hard,8.4,4.533333333333333,13.4,12.266666666666666,19.333333333333332,0,57.93333333333333
pevbr5tS1I,MR,medium,8.933333333333334,4.8,14.600000000000001,11.2,23.666666666666664,0,63.2
pevbr5tS1I,MS,easy,6.6000000000000005,2,10.666666666666666,0.2,12.8,0,32.266666666666666
pevbr5tS1I,MS,hard,18.2,16.400000000000002,23.2,5.266666666666667,26.133333333333333,0,89.2
pevbr5tS1I,MS,medium,14.4,13.200000000000001,11.2,0.5333333333333333,18.133333333333333,0,57.46666666666667
pevbr5tS1I,ST,hard,21.066666666666666,12.266666666666666,5.4,8.266666666666666,12.8,5.6,65.39999999999999
pevbr5tS1I,ST,medium,20.8,11.066666666666666,5.8,5.066666666666666,12.666666666666666,4,59.400000000000006
pevbr5tS1I,ST,easy,11.466666666666667,7.2,1.4666666666666666,0.4,7.866666666666666,4.266666666666667,32.66666666666667
zMSGYZOzxF,MR,hard,28.333333333333332,13.333333333333334,26.4,15,0,6.6,89.66666666666666
zMSGYZOzxF,MR,medium,33.33333333333333,13.333333333333334,25.333333333333332,10,0,6.333333333333333,88.33333333333333
zMSGYZOzxF,MR,easy,33.33333333333333,13.333333333333334,24,10,0,6,86.66666666666666
zMSGYZOzxF,MS,easy,4,16.8,10.666666666666666,0,4.666666666666667,2.3333333333333335,38.46666666666667
zMSGYZOzxF,MS,hard,6.666666666666667,20,26.666666666666668,31.666666666666664,6.666666666666667,6.666666666666667,98.33333333333333
zMSGYZOzxF,MS,medium,6.666666666666667,19,24,16.666666666666664,6.333333333333333,6,78.66666666666666
zMSGYZOzxF,ST,medium,26.666666666666668,6.666666666666667,12,12,33.33333333333333,0,90.66666666666667
zMSGYZOzxF,ST,easy,22.666666666666668,4.666666666666667,8.666666666666666,0,10,0,45.99999999999999
zMSGYZOzxF,ST,hard,26.666666666666668,6.666666666666667,13.2,18,33,0,97.53333333333335
FgaXoRhEpQ,MR,hard,8,2.6666666666666665,9.333333333333334,30,0,0,50
FgaXoRhEpQ,MR,easy,1.3333333333333333,0.13333333333333333,0.6666666666666666,3.333333333333333,0,0,5.466666666666667
FgaXoRhEpQ,MR,medium,1.3333333333333333,0,1.4666666666666666,18.333333333333332,0,0,21.13333333333333
FgaXoRhEpQ,MS,easy,0,0,0,0,0,0,0
FgaXoRhEpQ,MS,hard,2,19,2,19,30,0,72
FgaXoRhEpQ,MS,medium,2.6666666666666665,16,1.3333333333333333,18.8,30,0,68.8
FgaXoRhEpQ,ST,hard,0.6666666666666666,24.266666666666666,0.06666666666666667,20,33,0,78
FgaXoRhEpQ,ST,medium,0,9.333333333333334,0.06666666666666667,9,30,0,48.4
FgaXoRhEpQ,ST,easy,0.26666666666666666,1.3333333333333333,0.2,2,3.333333333333333,0,7.133333333333333
V4epNAqh9h,MR,hard,17.066666666666666,16.666666666666664,18,12,0,0.2,63.93333333333333
V4epNAqh9h,MR,medium,15.733333333333333,15.333333333333332,8.6,11.2,0,0.13333333333333333,51
V4epNAqh9h,MR,easy,17.066666666666666,21.666666666666664,3.6,8.8,0,0.2,51.33333333333333
V4epNAqh9h,MS,hard,9.2,11.4,18,10,14,0,62.6
V4epNAqh9h,MS,easy,3.7333333333333334,7.6000000000000005,0.6666666666666666,0.13333333333333333,0.2,0,12.333333333333334
V4epNAqh9h,MS,medium,8.133333333333333,11.8,18.333333333333332,9.066666666666666,8.4,0,55.733333333333334
V4epNAqh9h,ST,easy,0,0,0,0,0,0,0
V4epNAqh9h,ST,hard,18.666666666666668,0.26666666666666666,17,8.133333333333333,32,0,76.06666666666666
V4epNAqh9h,ST,medium,20,4.066666666666666,10.600000000000001,10.666666666666666,24,0,69.33333333333333
7s1EYKyluI,MR,hard,20,3,21.666666666666664,6.666666666666667,1,0,52.33333333333333
7s1EYKyluI,MR,easy,26.666666666666668,0,33,6.666666666666667,3,0,69.33333333333333
7s1EYKyluI,MR,medium,26.4,0,33,6.666666666666667,0.6666666666666666,0,66.73333333333332
7s1EYKyluI,MS,easy,13.333333333333334,2.6666666666666665,16.666666666666664,0,6,0,38.666666666666664
7s1EYKyluI,MS,hard,26.666666666666668,0,33.33333333333333,4.666666666666667,20,0,84.66666666666666
7s1EYKyluI,MS,medium,26.4,0.13333333333333333,33,5,20,0,84.53333333333335
7s1EYKyluI,ST,hard,15.8,8.333333333333332,16,3.6666666666666665,18,0,61.8
7s1EYKyluI,ST,medium,20,0,20,3.3333333333333335,20,0,63.333333333333336
7s1EYKyluI,ST,easy,20,0,13,0,19.8,0,52.8
GxpGXkXK8v,MR,easy,9,8.333333333333332,7,0.6666666666666666,2.8,2.3333333333333335,30.13333333333333
GxpGXkXK8v,MR,hard,15,18,14.600000000000001,4,3.0666666666666664,5,59.66666666666667
GxpGXkXK8v,MR,medium,12.600000000000001,16.333333333333332,15.600000000000001,2.2666666666666666,4.466666666666667,5.066666666666666,56.33333333333333
GxpGXkXK8v,MS,medium,20,10.4,27.666666666666664,3.0666666666666664,6.533333333333333,0,67.66666666666667
GxpGXkXK8v,MS,hard,26.133333333333333,19.8,33.33333333333333,5.866666666666666,13.333333333333334,0,98.46666666666665
GxpGXkXK8v,MS,easy,17.066666666666666,6,22.333333333333332,2.8666666666666667,8.533333333333333,0,56.8
GxpGXkXK8v,ST,hard,18.6,0,28,6.666666666666667,19.8,11.333333333333334,84.4
GxpGXkXK8v,ST,medium,15,0,18.666666666666664,3.7333333333333334,11.8,9.6,58.8
GxpGXkXK8v,ST,easy,10.200000000000001,0,11.333333333333332,0,9.200000000000001,4.533333333333333,35.266666666666666
W98TU3XJxb,MR,easy,19.733333333333334,10.666666666666666,27,3,0,9.8,70.2
W98TU3XJxb,MR,medium,22.666666666666668,12,25,2.3333333333333335,0,15,77
W98TU3XJxb,MR,hard,24,11.466666666666667,26.666666666666664,2.8,0,16,80.93333333333334
W98TU3XJxb,MS,easy,7.6000000000000005,0,2.6666666666666665,0.6666666666666666,8.333333333333332,2.8,22.066666666666666
W98TU3XJxb,MS,medium,14.8,0,18.666666666666668,2,24.666666666666664,9.333333333333334,69.46666666666667
W98TU3XJxb,MS,hard,18,0,25.333333333333332,0.6666666666666666,30,12,86
W98TU3XJxb,ST,easy,8,3.3333333333333335,6,0,18.333333333333332,1.3333333333333333,37
W98TU3XJxb,ST,medium,21.333333333333332,5.666666666666667,16.8,0,31.666666666666664,9.333333333333334,84.8
W98TU3XJxb,ST,hard,22.666666666666668,5.733333333333333,17.8,0,22,11.733333333333333,79.93333333333334
yWB1eDgHxE,MR,easy,4,0.6666666666666666,2,0,0,0.26666666666666666,6.933333333333334
yWB1eDgHxE,MR,medium,3.2,1.3333333333333333,3.8000000000000003,0.3333333333333333,0,0.7333333333333333,9.4
yWB1eDgHxE,MR,hard,5.333333333333333,2.1333333333333333,5,3.333333333333333,0,1.0666666666666667,16.866666666666664
yWB1eDgHxE,MS,easy,3.3333333333333335,4.666666666666666,5,0,6.666666666666667,0.7333333333333333,20.4
yWB1eDgHxE,MS,medium,5.2,13.333333333333332,8,0,13.333333333333334,2,41.86666666666667
yWB1eDgHxE,MS,hard,8.266666666666666,24.666666666666664,11,0,17.333333333333332,3,64.26666666666665
yWB1eDgHxE,ST,medium,5.466666666666667,11.733333333333333,9.8,0,23.333333333333332,2.0666666666666664,52.400000000000006
yWB1eDgHxE,ST,hard,6,16,8.8,0,21.666666666666664,2.3333333333333335,54.8
yWB1eDgHxE,ST,easy,2.533333333333333,4,2.2,0,6.666666666666666,0.7333333333333333,16.133333333333333
cdCa7qlKqK,MR,medium,14.933333333333334,2.6666666666666665,16.666666666666664,2.2666666666666666,7.333333333333333,6.666666666666667,50.533333333333324
cdCa7qlKqK,MR,easy,16,2.6666666666666665,21.666666666666664,2,5.466666666666667,6.666666666666667,54.46666666666666
cdCa7qlKqK,MR,hard,18.666666666666668,2.3333333333333335,23.333333333333332,2.6666666666666665,4.666666666666667,5.333333333333333,56.99999999999999
cdCa7qlKqK,MS,easy,12,1.6666666666666667,16,1,11.666666666666666,3.3333333333333335,45.666666666666664
cdCa7qlKqK,MS,hard,16,4,21.333333333333332,3.3333333333333335,28.333333333333332,4.666666666666667,77.66666666666666
cdCa7qlKqK,MS,medium,13,2.6666666666666665,18.666666666666668,1,23.333333333333332,4,62.666666666666664
cdCa7qlKqK,ST,hard,21.066666666666666,4.333333333333333,8,0,31.666666666666664,17,82.06666666666666
cdCa7qlKqK,ST,medium,17.333333333333332,3.3333333333333335,8.666666666666666,0,21.666666666666664,13,63.99999999999999
cdCa7qlKqK,ST,easy,13.333333333333334,2.3333333333333335,6.666666666666667,0,20,10.200000000000001,52.53333333333334
0dkwUmCwzJ,MR,medium,16,12,9.333333333333334,17.333333333333332,6.666666666666667,4.666666666666667,66
0dkwUmCwzJ,MR,hard,10,10,6.266666666666667,13.333333333333334,6.666666666666667,3.3333333333333335,49.6
0dkwUmCwzJ,MR,easy,4.6000000000000005,4,0.9333333333333333,7.466666666666667,0.9333333333333333,0.4666666666666667,18.400000000000002
0dkwUmCwzJ,MS,hard,12.933333333333334,15,19,17.8,6.333333333333333,19,90.06666666666668
0dkwUmCwzJ,MS,easy,1.4666666666666666,4,1.4000000000000001,0,0.6,1.8,9.266666666666666
0dkwUmCwzJ,MS,medium,8.666666666666666,11.200000000000001,9.8,7,3.3333333333333335,10,50
0dkwUmCwzJ,ST,easy,2.1333333333333333,1,1.2000000000000002,1,1.3333333333333333,0,6.666666666666666
0dkwUmCwzJ,ST,medium,16.266666666666666,9.8,10,11,6.666666666666667,0,53.733333333333334
0dkwUmCwzJ,ST,hard,24,18,19.400000000000002,19.400000000000002,12.933333333333334,0,93.73333333333333
h3qLkF1oCE,MR,hard,6,5.333333333333333,21.666666666666664,8,0,2.3333333333333335,43.333333333333336
h3qLkF1oCE,MR,easy,11.200000000000001,12,20,10,0,2,55.2
h3qLkF1oCE,MR,medium,9,14.666666666666666,21.666666666666664,9.333333333333334,0,2.4,57.06666666666666
h3qLkF1oCE,MS,medium,13.8,10,28.333333333333332,0.3333333333333333,21.333333333333332,0,73.8
h3qLkF1oCE,MS,hard,15,5.333333333333333,31.666666666666664,0.7333333333333333,16,0,68.73333333333333
h3qLkF1oCE,MS,easy,9,9.333333333333334,9.666666666666666,0,4,0,32
h3qLkF1oCE,ST,hard,3,11,12,14.666666666666666,13,0,53.666666666666664
h3qLkF1oCE,ST,medium,4,14,18.666666666666668,14.666666666666666,13.8,0,65.13333333333333
h3qLkF1oCE,ST,easy,3.3333333333333335,12,8,2.6666666666666665,8,0,34
Q479YcpCNr,MR,hard,17.333333333333332,13.333333333333334,28.333333333333332,10,0,0,68.99999999999999
Q479YcpCNr,MR,medium,17.333333333333332,13.2,23.333333333333332,10,0.06666666666666667,0,63.93333333333334
Q479YcpCNr,MR,easy,18.133333333333333,13.2,28.333333333333332,19.200000000000003,0.13333333333333333,0,79.00000000000001
Q479YcpCNr,MS,medium,10.133333333333333,0.6000000000000001,18.4,0.4,15,0,44.53333333333333
Q479YcpCNr,MS,hard,11.066666666666666,10,26.133333333333333,5,33,0,85.19999999999999
Q479YcpCNr,MS,easy,6.533333333333333,0.4,13.333333333333334,0,20.333333333333332,0,40.599999999999994
Q479YcpCNr,ST,medium,8.133333333333333,10.666666666666666,4.333333333333333,5,31.666666666666664,0,59.8
Q479YcpCNr,ST,hard,8,14.666666666666666,3.6666666666666665,10,33,0,69.33333333333333
Q479YcpCNr,ST,easy,6.133333333333333,1.0666666666666667,3,0.4,4.333333333333333,0,14.933333333333334
vBoSbHJ7AD,MR,easy,13.8,15.600000000000001,28.333333333333332,4.733333333333333,0,11.8,74.26666666666668
vBoSbHJ7AD,MR,hard,13.4,13.8,25,3.7333333333333334,0,14,69.93333333333334
vBoSbHJ7AD,MR,medium,11.8,4.2,22,1.5333333333333332,0,11.8,51.33333333333333
vBoSbHJ7AD,MS,easy,3.8666666666666667,2.6,1.5333333333333332,0,0.3333333333333333,0,8.333333333333334
vBoSbHJ7AD,MS,medium,7.733333333333333,11.4,4.866666666666666,6.4,22,0,52.4
vBoSbHJ7AD,MS,hard,8.533333333333333,18.8,4.933333333333334,23.466666666666665,28,0,83.73333333333333
vBoSbHJ7AD,ST,hard,14,9.333333333333334,9.333333333333334,6,33,0,71.66666666666667
vBoSbHJ7AD,ST,medium,12,8.933333333333334,7.6,14.4,25.666666666666664,0,68.6
vBoSbHJ7AD,ST,easy,12,6.666666666666667,7.733333333333333,0.2,7.666666666666666,0,34.266666666666666
JIY5GSm8aI,MR,medium,9.8,2.933333333333333,16.666666666666664,0,2.0666666666666664,0,31.466666666666665
JIY5GSm8aI,MR,easy,6.800000000000001,3.3333333333333335,16.666666666666664,1.3333333333333333,2.3333333333333335,0,30.46666666666666
JIY5GSm8aI,MR,hard,6,3.466666666666667,6.666666666666666,4,1,0,21.133333333333333
JIY5GSm8aI,MS,easy,13.333333333333334,10,16.333333333333332,0,3.2666666666666666,4.666666666666667,47.6
JIY5GSm8aI,MS,medium,26.4,19,33.33333333333333,0,4.733333333333333,13.333333333333334,96.8
JIY5GSm8aI,MS,hard,26.666666666666668,20,33.33333333333333,0,6.6,12.666666666666666,99.26666666666667
JIY5GSm8aI,ST,medium,19.733333333333334,5,28.333333333333332,0,15.200000000000001,6.666666666666667,74.93333333333334
JIY5GSm8aI,ST,easy,3.7333333333333334,0.7333333333333333,4.666666666666666,0,5,2.533333333333333,16.666666666666668
JIY5GSm8aI,ST,hard,24,6.4,33,0,19.200000000000003,10.266666666666666,92.86666666666667
KMzkcoEoDX,MR,medium,5.333333333333333,0.8,5.333333333333333,0.4,0,0,11.866666666666667
KMzkcoEoDX,MR,hard,10.666666666666666,10.666666666666666,8,1.7333333333333334,0,0,31.066666666666663
KMzkcoEoDX,MR,easy,0,0,0,0,0,0,0
KMzkcoEoDX,MS,hard,17,19,6.666666666666667,13.333333333333334,24,0,80
KMzkcoEoDX,MS,easy,0,0.6000000000000001,0,0,0.26666666666666666,0,0.8666666666666667
KMzkcoEoDX,MS,medium,7.800000000000001,6,3.3333333333333335,5.333333333333333,13.866666666666667,0,36.33333333333333
KMzkcoEoDX,ST,easy,0.26666666666666666,0.8,0,0,0.6666666666666666,0,1.7333333333333334
KMzkcoEoDX,ST,medium,6.666666666666667,16,7,0,15,0,44.66666666666667
KMzkcoEoDX,ST,hard,10.666666666666666,23.2,13,0,30,0.6666666666666666,77.53333333333333
bKUxjX0i0W,MR,hard,10.666666666666666,0,5.333333333333333,6.8,9,8,39.8
bKUxjX0i0W,MR,easy,8,0,6.666666666666667,6.8,10,13.333333333333334,44.8
bKUxjX0i0W,MR,medium,12,0,6.8,6.666666666666667,8,8,41.46666666666667
bKUxjX0i0W,MS,easy,13.333333333333334,8,20,0,2.6666666666666665,6.666666666666667,50.66666666666667
bKUxjX0i0W,MS,medium,21.333333333333332,13,31.666666666666664,0,3.0666666666666664,6.8,75.86666666666666
bKUxjX0i0W,MS,hard,19.733333333333334,14,33.33333333333333,0,2.2666666666666666,9.466666666666667,78.8
bKUxjX0i0W,ST,medium,13.333333333333334,10,30.333333333333332,3.3333333333333335,0,6.8,63.800000000000004
bKUxjX0i0W,ST,hard,18.933333333333334,14,33,6.133333333333333,0,11.333333333333334,83.4
bKUxjX0i0W,ST,easy,19.2,13.8,26.666666666666664,0.9333333333333333,0,6.666666666666667,67.26666666666665
cGANl4iQl1,MR,medium,15,22.666666666666668,26.333333333333332,4.333333333333333,0,6.666666666666667,75
cGANl4iQl1,MR,hard,16.8,24,28.333333333333332,3,0,4.533333333333333,76.66666666666667
cGANl4iQl1,MR,easy,15.8,22.666666666666668,26.666666666666664,4.266666666666667,0,2.533333333333333,71.93333333333334
cGANl4iQl1,MS,easy,11,6,20,2,6.666666666666667,0,45.66666666666667
cGANl4iQl1,MS,hard,16.8,10.666666666666666,31.666666666666664,5.666666666666667,23.733333333333334,0,88.53333333333333
cGANl4iQl1,MS,medium,17.8,12.8,30,4.333333333333333,22.4,0,87.33333333333333
cGANl4iQl1,ST,easy,8,4,12,2,21.666666666666664,0,47.666666666666664
cGANl4iQl1,ST,medium,17,9.333333333333334,22.666666666666668,4.666666666666667,30,0,83.66666666666667
cGANl4iQl1,ST,hard,18,13.333333333333334,22.666666666666668,4.266666666666667,33,0,91.26666666666667
jDL2pqqoXv,MR,hard,17.333333333333332,2.4,19.6,6.666666666666667,0.2,2.6666666666666665,48.86666666666667
jDL2pqqoXv,MR,medium,17.333333333333332,4.266666666666667,13.8,3.6,2.6,3.466666666666667,45.06666666666666
jDL2pqqoXv,MR,easy,19.733333333333334,4,10,3.3333333333333335,1.4000000000000001,4,42.46666666666667
jDL2pqqoXv,MS,easy,5.6,2.533333333333333,1.8,0,8.533333333333333,0.13333333333333333,18.6
jDL2pqqoXv,MS,medium,26.4,13.2,19.8,0,25.866666666666667,9.333333333333334,94.60000000000001
jDL2pqqoXv,MS,hard,26.133333333333333,13.066666666666666,19.8,0,26.133333333333333,13.2,98.33333333333333
jDL2pqqoXv,ST,medium,6.4,10,12.8,1,13.066666666666666,1.5333333333333332,44.8
jDL2pqqoXv,ST,hard,13.2,19.400000000000002,26.666666666666668,0.2,2.933333333333333,6.466666666666667,68.86666666666667
jDL2pqqoXv,ST,easy,10.133333333333333,15.200000000000001,20.266666666666666,0.2,9.2,3.6666666666666665,58.66666666666667
HV4ueBgaoL,MR,easy,23.333333333333332,6.666666666666667,20,0,0,0,49.99999999999999
HV4ueBgaoL,MR,hard,6.666666666666666,6.666666666666667,13,0,0,0,26.333333333333332
HV4ueBgaoL,MR,medium,3.333333333333333,6.666666666666667,20,0,0,0,30
HV4ueBgaoL,MS,hard,33.33333333333333,6.666666666666667,13.333333333333334,0,20,13.333333333333334,86.66666666666667
HV4ueBgaoL,MS,easy,33.33333333333333,6.666666666666667,13.333333333333334,0,10,13.333333333333334,76.66666666666667
HV4ueBgaoL,MS,medium,33.33333333333333,6.666666666666667,13.333333333333334,0,10,26.666666666666668,90
HV4ueBgaoL,ST,medium,33.33333333333333,6.666666666666667,20,0,26.666666666666668,0,86.66666666666667
HV4ueBgaoL,ST,hard,33.33333333333333,6.666666666666667,20,0,26.666666666666668,0,86.66666666666667
HV4ueBgaoL,ST,easy,33.33333333333333,6.6,13,0,24,0,76.93333333333332
2HJHCZEQE1,MR,medium,14.8,17,15.2,0,1.6,4.666666666666667,53.266666666666666
2HJHCZEQE1,MR,easy,14.4,19.666666666666664,16,0,1.4,5.733333333333333,57.199999999999996
2HJHCZEQE1,MR,hard,17,32.666666666666664,25.866666666666667,0,2.466666666666667,8.533333333333333,86.53333333333333
2HJHCZEQE1,MS,medium,10.133333333333333,21.6,16.2,0,27.666666666666664,4.2,79.8
2HJHCZEQE1,MS,easy,9.2,14.4,12.4,0,21,2.533333333333333,59.53333333333334
2HJHCZEQE1,MS,hard,13.066666666666666,26.133333333333333,19.6,0,32.666666666666664,5.533333333333333,97
2HJHCZEQE1,ST,easy,8.933333333333334,13.6,12.4,0,21,2.6666666666666665,58.6
2HJHCZEQE1,ST,hard,9.6,23.733333333333334,15.200000000000001,0,32.666666666666664,4.133333333333333,85.33333333333334
2HJHCZEQE1,ST,medium,10,25.066666666666666,15,0,32.33333333333333,3.1333333333333333,85.53333333333333
Fd15tXKjh3,MR,hard,8.933333333333334,14,20.8,1.6666666666666665,1.2666666666666666,0,46.66666666666667
Fd15tXKjh3,MR,medium,2,2,11.2,0.3333333333333333,0.8666666666666667,0,16.4
Fd15tXKjh3,MR,easy,0.9333333333333333,1.2000000000000002,0.5333333333333333,0,0.26666666666666666,0,2.9333333333333336
Fd15tXKjh3,MS,medium,5.333333333333333,8.933333333333334,17.666666666666664,0,10,0,41.93333333333334
Fd15tXKjh3,MS,hard,9.333333333333334,10.8,23,2.6,15.4,0,61.13333333333334
Fd15tXKjh3,MS,easy,0.5333333333333333,2.4,2,0,1,0,5.933333333333334
Fd15tXKjh3,ST,easy,2.2666666666666666,1.3333333333333333,2.8000000000000003,0,1,0,7.3999999999999995
Fd15tXKjh3,ST,medium,9.733333333333333,22.4,16.8,1.3333333333333333,32.666666666666664,0,82.93333333333334
Fd15tXKjh3,ST,hard,10.133333333333333,25.333333333333332,19.400000000000002,3.533333333333333,33,0,91.39999999999999
E1wQ16OGRS,MR,easy,1.6666666666666665,0,2.6666666666666665,0.6666666666666666,0,0.06666666666666667,5.066666666666666
E1wQ16OGRS,MR,medium,1.6666666666666665,0,2.6666666666666665,0.8,0,0.06666666666666667,5.199999999999999
E1wQ16OGRS,MR,hard,5,0.4,1.3333333333333333,1.0666666666666667,0,0.13333333333333333,7.933333333333334
E1wQ16OGRS,MS,medium,13,4.666666666666667,18.666666666666668,4.666666666666667,30,0,71.00000000000001
E1wQ16OGRS,MS,easy,1,0.13333333333333333,1.3333333333333333,0,1.6666666666666665,0,4.133333333333334
E1wQ16OGRS,MS,hard,17,1,25.333333333333332,9.333333333333334,33.33333333333333,0,85.99999999999999
E1wQ16OGRS,ST,easy,0.13333333333333333,0,0.3333333333333333,0,1.6666666666666665,0,2.1333333333333333
E1wQ16OGRS,ST,medium,5.333333333333333,1,1.3333333333333333,6.666666666666667,28.333333333333332,0,42.666666666666664
E1wQ16OGRS,ST,hard,0.6666666666666666,15,0.3333333333333333,22.666666666666668,33.33333333333333,0,72
E6k5x9v8pf,MR,hard,2.8,0.5333333333333333,5.6,3.8000000000000003,0.6666666666666666,0,13.4
E6k5x9v8pf,MR,medium,0.5333333333333333,0.2,1.3333333333333333,0.4,0,0,2.466666666666667
E6k5x9v8pf,MR,easy,0.9333333333333333,0,0.5333333333333333,0,0,0,1.4666666666666668
E6k5x9v8pf,MS,medium,1.6,1.3333333333333333,3.2,1.7333333333333334,7.666666666666666,0,15.533333333333335
E6k5x9v8pf,MS,easy,0.8666666666666667,1.6,1.8,0.9333333333333333,1.3333333333333333,0,6.533333333333333
E6k5x9v8pf,MS,hard,4.066666666666666,24,15,9.733333333333333,33.33333333333333,0,86.13333333333333
E6k5x9v8pf,ST,easy,0.8,0.6666666666666666,0.4,0.5333333333333333,1.6,0,3.9999999999999996
E6k5x9v8pf,ST,medium,8.6,19.333333333333332,3.533333333333333,5.866666666666666,24.8,0,62.13333333333334
E6k5x9v8pf,ST,hard,0,32.666666666666664,5.8,13.333333333333334,26.666666666666668,0,78.46666666666667
cSI9W49vxo,MR,hard,10.8,20,4.800000000000001,1.6,2.2666666666666666,0,39.46666666666667
cSI9W49vxo,MR,medium,12.200000000000001,23.333333333333332,13.4,8.6,4,0,61.53333333333333
cSI9W49vxo,MR,easy,11.4,19,11,9.4,3.466666666666667,0,54.266666666666666
cSI9W49vxo,MS,hard,9.866666666666667,9.466666666666667,14.600000000000001,9.6,28.333333333333332,4.2,76.06666666666666
cSI9W49vxo,MS,medium,7.733333333333333,7.6,13.200000000000001,8.533333333333333,21,3.7333333333333334,61.800000000000004
cSI9W49vxo,MS,easy,7.866666666666666,8.266666666666666,9,2.4,17.333333333333332,3.1333333333333333,47.99999999999999
cSI9W49vxo,ST,easy,14.666666666666666,9.200000000000001,5.733333333333333,0,14,2.8,46.4
cSI9W49vxo,ST,hard,15.733333333333333,17.6,9.6,0,32.666666666666664,5.933333333333334,81.53333333333333
cSI9W49vxo,ST,medium,14.933333333333334,12.4,8.4,0,25.333333333333332,3.933333333333333,65
wT2BNjpDXV,MR,hard,10.4,0.9333333333333333,23.333333333333332,6.2,1.6,0,42.46666666666666
wT2BNjpDXV,MR,medium,13.066666666666666,1.6,13,5.800000000000001,1,0,34.46666666666667
wT2BNjpDXV,MR,easy,8,1.2,8,6,3.0666666666666664,0,26.266666666666666
wT2BNjpDXV,MS,medium,17.866666666666667,4.533333333333333,4.266666666666667,13,7.333333333333333,0,47
wT2BNjpDXV,MS,hard,18.666666666666668,8.666666666666666,4.066666666666666,14.4,25.333333333333332,0,71.13333333333334
wT2BNjpDXV,MS,easy,4.533333333333333,2.2666666666666666,1.6666666666666667,0,7,0,15.466666666666665
wT2BNjpDXV,ST,medium,17.066666666666666,3.3333333333333335,8.4,15.200000000000001,27.333333333333332,0,71.33333333333333
wT2BNjpDXV,ST,hard,15.733333333333333,0.4,9.2,15.8,28,0,69.13333333333334
wT2BNjpDXV,ST,easy,5.6,1,2,3.4000000000000004,11.333333333333332,0,23.333333333333336
MArUzIGtu1,MR,hard,11,17.333333333333332,23.333333333333332,6,0,2.6666666666666665,60.33333333333333
MArUzIGtu1,MR,medium,13,14.666666666666666,23.333333333333332,6,0,3,59.99999999999999
MArUzIGtu1,MR,easy,3.4000000000000004,5.866666666666666,6.333333333333333,2.6666666666666665,0,1.6,19.866666666666667
MArUzIGtu1,MS,medium,14.666666666666666,3.2,13.333333333333332,2,0,1.4,34.6
MArUzIGtu1,MS,hard,14.666666666666666,5.333333333333333,20,3.4000000000000004,0,3.2666666666666666,46.666666666666664
MArUzIGtu1,MS,easy,4.533333333333333,1.6,5.666666666666666,0.6000000000000001,0,0.8,13.2
MArUzIGtu1,ST,hard,4.800000000000001,2.6666666666666665,6.2,9.466666666666667,23.333333333333332,0,46.46666666666666
MArUzIGtu1,ST,easy,3.4000000000000004,2.4,4.6000000000000005,2.4,7.333333333333333,0,20.133333333333333
MArUzIGtu1,ST,medium,12.600000000000001,7.066666666666666,4.6000000000000005,6.4,19,0,49.66666666666667
YQfNrv0e5B,MR,easy,10.666666666666666,11.333333333333334,11.2,11.666666666666666,17.333333333333332,0,62.199999999999996
YQfNrv0e5B,MR,hard,11.333333333333334,7.333333333333333,12,13.333333333333332,4,0,48
YQfNrv0e5B,MR,medium,10,2.6666666666666665,12,15,1.3333333333333333,0,41
YQfNrv0e5B,MS,easy,18.333333333333332,1.3333333333333333,8,0,3.6666666666666665,0,31.333333333333332
YQfNrv0e5B,MS,medium,33.33333333333333,21.333333333333332,13.333333333333334,8,3.3333333333333335,0,79.33333333333333
YQfNrv0e5B,MS,hard,33.33333333333333,25.333333333333332,13.333333333333334,17,5,0,93.99999999999999
YQfNrv0e5B,ST,medium,14,24,11.333333333333334,11,19,0,79.33333333333334
YQfNrv0e5B,ST,hard,18,25.333333333333332,6.666666666666667,11,20,0,81
YQfNrv0e5B,ST,easy,12,16,8,4,17,0,57
yVjHadDLmM,MR,hard,15.200000000000001,3.3333333333333335,13.333333333333334,22,0,7.6,61.466666666666676
yVjHadDLmM,MR,medium,2.8000000000000003,0.8666666666666667,3.7333333333333334,5,0,1.8666666666666667,14.266666666666667
yVjHadDLmM,MR,easy,2.2,0.06666666666666667,1.3333333333333333,3,0,0.13333333333333333,6.733333333333333
yVjHadDLmM,MS,medium,14,28.666666666666664,7.466666666666667,4,22.666666666666668,0,76.8
yVjHadDLmM,MS,easy,1,8.333333333333332,0.6666666666666666,0.4,1.0666666666666667,0,11.466666666666665
yVjHadDLmM,MS,hard,17.6,30.666666666666664,12.8,6.333333333333333,26.4,0,93.80000000000001
yVjHadDLmM,ST,medium,15.200000000000001,10.666666666666666,2.8,6.6000000000000005,23.666666666666664,0,58.93333333333333
yVjHadDLmM,ST,hard,15,13.2,11.2,18.400000000000002,32.33333333333333,0,90.13333333333334
yVjHadDLmM,ST,easy,0.8,6.666666666666667,0.5333333333333333,0.2,0.3333333333333333,0,8.533333333333333
Mh4D0deXmE,MR,hard,26.666666666666664,10.666666666666666,26.666666666666668,10.200000000000001,0,0,74.2
Mh4D0deXmE,MR,medium,33.33333333333333,9.333333333333334,26.666666666666668,10,0,4.666666666666667,83.99999999999999
Mh4D0deXmE,MR,easy,31.666666666666664,8.666666666666666,22.666666666666668,7,0,2,72
Mh4D0deXmE,MS,hard,10,10,26.666666666666668,14,26.666666666666668,0,87.33333333333334
Mh4D0deXmE,MS,medium,11.333333333333334,5.333333333333333,24,1,20,0,61.66666666666667
Mh4D0deXmE,MS,easy,8.666666666666666,7.333333333333333,18.666666666666668,0,5.333333333333333,0,40
Mh4D0deXmE,ST,easy,16,7.333333333333333,2.6666666666666665,0,12,0,38
Mh4D0deXmE,ST,medium,17.333333333333332,8.666666666666666,4,5.333333333333333,20,0,55.33333333333333
Mh4D0deXmE,ST,hard,18.666666666666668,8,23.733333333333334,5.333333333333333,19.8,0,75.53333333333333
4PjgFYmt2Z,MR,hard,14.666666666666666,0,11,18.333333333333332,1,8.666666666666666,53.666666666666664
4PjgFYmt2Z,MR,easy,2.6666666666666665,0,4,1.3333333333333333,0.6666666666666666,4,12.666666666666666
4PjgFYmt2Z,MR,medium,17.333333333333332,0,7,15,0.3333333333333333,10.666666666666666,50.33333333333333
4PjgFYmt2Z,MS,easy,3.333333333333333,0,0.6666666666666666,2.6666666666666665,0.3333333333333333,1,7.999999999999999
4PjgFYmt2Z,MS,medium,18.333333333333332,0,4.666666666666667,1.3333333333333333,0.6666666666666666,11,36
4PjgFYmt2Z,MS,hard,28.333333333333332,0,10,13.333333333333334,1,16,68.66666666666667
4PjgFYmt2Z,ST,easy,2,0,0,0,1.6666666666666665,0.3333333333333333,4
4PjgFYmt2Z,ST,medium,5.466666666666667,0,4.266666666666667,4,5.333333333333333,1.3333333333333333,20.4
4PjgFYmt2Z,ST,hard,10.666666666666666,0,20,12,26.666666666666664,4.6,73.93333333333334
0a4DqEEKSb,MR,hard,20.266666666666666,16,25,12.666666666666666,0,3.1333333333333333,77.06666666666666
0a4DqEEKSb,MR,easy,8.8,18.6,31.333333333333332,10.8,0,2.4,71.93333333333334
0a4DqEEKSb,MR,medium,0,20,31.666666666666664,13.333333333333334,0,6.333333333333333,71.33333333333334
0a4DqEEKSb,MS,hard,13.200000000000001,5.800000000000001,0,14.666666666666666,12.200000000000001,5.333333333333333,51.2
0a4DqEEKSb,MS,medium,15.8,12.200000000000001,0,18.933333333333334,10,9.333333333333334,66.26666666666667
0a4DqEEKSb,MS,easy,18.2,18.6,0,7.733333333333333,7,8.8,60.333333333333336
0a4DqEEKSb,ST,easy,2.933333333333333,0.4,7.666666666666666,0,0,2,13
0a4DqEEKSb,ST,medium,15.2,7.866666666666666,23.666666666666664,3.8,0,8,58.533333333333324
0a4DqEEKSb,ST,hard,25.6,13.333333333333334,31.666666666666664,5.8,0,19,95.39999999999999
8JrN5VwG94,MR,medium,6.2,6.4,3.4,4.4,5.866666666666666,0,26.266666666666666
8JrN5VwG94,MR,easy,5.800000000000001,7.733333333333333,1.9333333333333333,14.200000000000001,7.733333333333333,0,37.4
8JrN5VwG94,MR,hard,7,9.6,2.4,7.6000000000000005,9.333333333333334,0,35.93333333333334
8JrN5VwG94,MS,easy,2.6,16,0.6666666666666666,1.0666666666666667,2.4,0,22.733333333333334
8JrN5VwG94,MS,medium,9.8,16.666666666666664,9.066666666666666,3.2666666666666666,16.53333333333333,0,55.33333333333333
8JrN5VwG94,MS,hard,3.6,29.333333333333332,7.333333333333333,6.4,19.466666666666665,0,66.13333333333333
8JrN5VwG94,ST,medium,10,4.8,12,6.533333333333333,22.333333333333332,0,55.66666666666666
8JrN5VwG94,ST,hard,10,5.6,12.8,8,25.333333333333332,0,61.733333333333334
8JrN5VwG94,ST,easy,4.800000000000001,3.466666666666667,5.2,3.2,8.666666666666666,0,25.333333333333336
v8TXZ0YflN,MR,easy,0.26666666666666666,1.9333333333333333,5.866666666666666,4,0.2,0,12.266666666666667
v8TXZ0YflN,MR,hard,1.8666666666666667,0.4666666666666667,1.3333333333333333,3.8000000000000003,0,0,7.466666666666667
v8TXZ0YflN,MR,medium,3.2,5.666666666666667,3.466666666666667,3,0,0,15.333333333333336
v8TXZ0YflN,MS,hard,22.666666666666664,9.066666666666666,10.200000000000001,6.666666666666667,8.4,0,57
v8TXZ0YflN,MS,medium,20,2.1333333333333333,3,5.333333333333333,9.4,0,39.86666666666667
v8TXZ0YflN,MS,easy,1.6666666666666665,0.26666666666666666,0.8,0,0,0,2.7333333333333334
v8TXZ0YflN,ST,easy,1.6,0.2,0.5333333333333333,0.6666666666666666,0.26666666666666666,0,3.266666666666667
v8TXZ0YflN,ST,hard,17.6,6.666666666666667,20.8,9.333333333333334,21.6,0,76.00000000000001
v8TXZ0YflN,ST,medium,8.266666666666666,3.4,9.6,6.666666666666667,2.6666666666666665,0,30.599999999999998
TT3KEsSN3J,MR,hard,16,3.3333333333333335,9.066666666666666,9.866666666666667,2.6,0,40.86666666666667
TT3KEsSN3J,MR,medium,10.133333333333333,5.066666666666666,15.466666666666667,9.866666666666667,1.7333333333333334,0,42.266666666666666
TT3KEsSN3J,MR,easy,9.6,10,7.733333333333333,10.666666666666666,1.2666666666666666,0,39.266666666666666
TT3KEsSN3J,MS,medium,5.866666666666666,0.26666666666666666,4,2.933333333333333,1.8666666666666667,0,14.933333333333335
TT3KEsSN3J,MS,hard,22.133333333333333,1.3333333333333333,19.733333333333334,18.933333333333334,2.8,0,64.93333333333334
TT3KEsSN3J,MS,easy,4.266666666666667,5.933333333333334,1.8666666666666667,3.7333333333333334,0.6666666666666666,0,16.46666666666667
TT3KEsSN3J,ST,hard,17.6,0,10.666666666666666,6,13.200000000000001,8,55.46666666666667
TT3KEsSN3J,ST,medium,16.266666666666666,0,15.733333333333333,6.266666666666667,8.6,7.066666666666666,53.93333333333333
TT3KEsSN3J,ST,easy,8,0,0.8,0.13333333333333333,0.6000000000000001,0.4,9.933333333333334
t9OiOaQwxH,MR,hard,1.4666666666666666,13.333333333333334,5,10,0,0,29.799999999999997
t9OiOaQwxH,MR,easy,0,0.26666666666666666,0.2,0,0.06666666666666667,0,0.5333333333333333
t9OiOaQwxH,MR,medium,2.8,2.6666666666666665,2,0.3333333333333333,0.06666666666666667,0,7.866666666666667
t9OiOaQwxH,MS,hard,3,12.200000000000001,6.666666666666667,13.333333333333334,28.333333333333332,0,63.53333333333334
t9OiOaQwxH,MS,medium,4.333333333333333,15.8,8.133333333333333,6.4,25,0,59.66666666666667
t9OiOaQwxH,MS,easy,1.9333333333333333,11.8,1.4666666666666666,0,3.6666666666666665,0,18.866666666666667
t9OiOaQwxH,ST,medium,6,9.066666666666666,6,2.6666666666666665,28.333333333333332,0,52.06666666666666
t9OiOaQwxH,ST,easy,0.2,0.26666666666666666,0,0,0,0,0.4666666666666667
t9OiOaQwxH,ST,hard,13,26.4,6.533333333333333,6.666666666666667,33.33333333333333,0,85.93333333333332
2W50OifXwA,MR,medium,10.8,3.2,23.333333333333332,14.4,3,0,54.733333333333334
2W50OifXwA,MR,easy,12,7.466666666666667,20,17.333333333333332,0.4,0,57.2
2W50OifXwA,MR,hard,14,4.666666666666667,28.333333333333332,14.933333333333334,3.7333333333333334,0,65.66666666666667
2W50OifXwA,MS,easy,1.0666666666666667,0.06666666666666667,0,0.3333333333333333,0,0,1.4666666666666666
2W50OifXwA,MS,medium,16.8,0.7333333333333333,13.8,13.333333333333332,2.8,0,47.46666666666667
2W50OifXwA,MS,hard,22.666666666666668,4.333333333333333,18.6,26.666666666666664,13.333333333333334,0,85.6
2W50OifXwA,ST,medium,12.200000000000001,1.2666666666666666,7.333333333333333,12,18.333333333333332,0,51.13333333333333
2W50OifXwA,ST,hard,12,1.6,11.866666666666667,17.333333333333332,32.666666666666664,0,75.46666666666665
2W50OifXwA,ST,easy,9.200000000000001,1.3333333333333333,3.2,0,0,0,13.733333333333336
